{"payload":{"installed_packages":["absl-py==2.1.0","asttokens==2.4.1","attrs==23.2.0","backcall==0.2.0","cachetools==5.3.3","certifi==2024.2.2","charset-normalizer==3.3.2","colorama==0.4.6","comet-ml==3.41.0","comm==0.2.2","configobj==5.0.8","contourpy==1.1.1","cycler==0.12.1","debugpy==1.8.1","decorator==5.1.1","dulwich==0.22.1","everett==3.1.0","executing==2.0.1","fonttools==4.51.0","gitdb==4.0.11","gitpython==3.1.43","google-auth==2.29.0","google-auth-oauthlib==1.0.0","grpcio==1.63.0","idna==3.7","importlib-metadata==7.1.0","importlib-resources==6.4.0","ipykernel==6.29.4","ipython==8.12.3","jedi==0.19.1","jsonschema==4.22.0","jsonschema-specifications==2023.12.1","jupyter-client==8.6.1","jupyter-core==5.7.2","kiwisolver==1.4.5","labelimg==1.8.6","lxml==5.2.1","markdown==3.6","markdown-it-py==3.0.0","markupsafe==2.1.5","matplotlib==3.7.5","matplotlib-inline==0.1.6","mdurl==0.1.2","nest-asyncio==1.6.0","numpy==1.24.4","oauthlib==3.2.2","opencv-python==4.9.0.80","packaging==24.0","pandas==2.0.3","parso==0.8.4","pickleshare==0.7.5","pillow==10.3.0","pip==23.3.1","pkgutil-resolve-name==1.3.10","platformdirs==4.2.0","prompt-toolkit==3.0.43","protobuf==5.26.1","psutil==5.9.8","pure-eval==0.2.2","py-cpuinfo==9.0.0","pyasn1==0.6.0","pyasn1-modules==0.4.0","pygments==2.17.2","pyparsing==3.1.2","pyqt5==5.15.10","pyqt5-qt5==5.15.2","pyqt5-sip==12.13.0","python-box==6.1.0","python-dateutil==2.9.0.post0","pytz==2024.1","pywin32==306","pyyaml==6.0.1","pyzmq==25.1.2","referencing==0.35.1","requests==2.31.0","requests-oauthlib==2.0.0","requests-toolbelt==1.0.0","rich==13.7.1","rpds-py==0.18.0","rsa==4.9","scipy==1.10.1","seaborn==0.13.2","semantic-version==2.10.0","sentry-sdk==2.0.1","setuptools==68.2.2","simplejson==3.19.2","six==1.16.0","smmap==5.0.1","stack-data==0.6.3","tensorboard==2.14.0","tensorboard-data-server==0.7.2","thop==0.1.1.post2209072238","torch==1.12.1+cu113","torchaudio==0.12.1+cu113","torchvision==0.13.1+cu113","tornado==6.4","tqdm==4.66.2","traitlets==5.14.2","typing-extensions==4.11.0","tzdata==2024.1","ultralytics==8.2.6","urllib3==2.2.1","wcwidth==0.2.13","websocket-client==1.3.3","werkzeug==3.0.2","wheel==0.41.2","wrapt==1.16.0","wurlitzer==3.1.0","zipp==3.18.1"],"local_timestamp":1714707770757,"message_id":1},"type":"ws_msg"}
{"payload":{"env_details":{"command":["c:/Users/ASUS/Desktop/yolov5-7.0/train.py"],"env":null,"hostname":"LAPTOP-7KBE1GOU","ip":"192.168.0.5","machine":"AMD64","os":"Windows-10-10.0.22621-SP0","os_release":"10","os_type":"Windows","pid":7116,"processor":"Intel64 Family 6 Model 141 Stepping 1, GenuineIntel","python_exe":"C:\\Users\\ASUS\\AppData\\Local\\conda\\conda\\envs\\test_cuda\\python.exe","python_version":"3.8.5","python_version_verbose":"3.8.5 (default, Sep  3 2020, 21:29:08) [MSC v.1916 64 bit (AMD64)]","user":"ASUS"},"local_timestamp":1714707770971,"message_id":2},"type":"ws_msg"}
{"payload":{"gpu_static_info":[{"gpu_index":0,"name":"NVIDIA GeForce RTX 3050 Ti Laptop GPU","power_limit":null,"total_memory":4294967296,"uuid":"GPU-dfe988e3-d288-8aca-af7f-8030e48e2c16"}],"local_timestamp":1714707770998,"message_id":3},"type":"ws_msg"}
{"payload":{"local_timestamp":1714707771005,"message_id":4,"metric":{"epoch":null,"metricName":"sys.gpu.0.total_memory","metricValue":4294967296,"step":null}},"type":"metric_msg"}
{"payload":{"local_timestamp":1714707771005,"log_other":{"key":"offline_experiment","val":true},"message_id":5},"type":"ws_msg"}
{"payload":{"local_timestamp":1714707771005,"message_id":6,"stderr":true,"stdout":"Traceback (most recent call last):\n"},"type":"ws_msg"}
{"payload":{"local_timestamp":1714707771005,"message_id":7,"stderr":true,"stdout":"  File \"c:/Users/ASUS/Desktop/yolov5-7.0/train.py\", line 633, in <module>\n"},"type":"ws_msg"}
{"payload":{"local_timestamp":1714707771005,"message_id":8,"stderr":true,"stdout":"    "},"type":"ws_msg"}
{"payload":{"local_timestamp":1714707771005,"message_id":9,"stderr":true,"stdout":"main(opt)"},"type":"ws_msg"}
{"payload":{"local_timestamp":1714707771012,"message_id":10,"stderr":true,"stdout":"\n"},"type":"ws_msg"}
{"payload":{"local_timestamp":1714707771012,"message_id":11,"stderr":true,"stdout":"  File \"c:/Users/ASUS/Desktop/yolov5-7.0/train.py\", line 527, in main\n"},"type":"ws_msg"}
{"payload":{"local_timestamp":1714707771012,"message_id":12,"stderr":true,"stdout":"    "},"type":"ws_msg"}
{"payload":{"local_timestamp":1714707771012,"message_id":13,"stderr":true,"stdout":"train(opt.hyp, opt, device, callbacks)"},"type":"ws_msg"}
{"payload":{"local_timestamp":1714707771012,"message_id":14,"stderr":true,"stdout":"\n"},"type":"ws_msg"}
{"payload":{"local_timestamp":1714707771012,"message_id":15,"stderr":true,"stdout":"  File \"c:/Users/ASUS/Desktop/yolov5-7.0/train.py\", line 95, in train\n"},"type":"ws_msg"}
{"payload":{"local_timestamp":1714707771012,"message_id":16,"stderr":true,"stdout":"    "},"type":"ws_msg"}
{"payload":{"local_timestamp":1714707771012,"message_id":17,"stderr":true,"stdout":"loggers = Loggers(save_dir, weights, opt, hyp, LOGGER)  # loggers instance"},"type":"ws_msg"}
{"payload":{"local_timestamp":1714707771012,"message_id":18,"stderr":true,"stdout":"\n"},"type":"ws_msg"}
{"payload":{"local_timestamp":1714707771012,"message_id":19,"stderr":true,"stdout":"  File \"c:\\Users\\ASUS\\Desktop\\yolov5-7.0\\utils\\loggers\\__init__.py\", line 132, in __init__\n"},"type":"ws_msg"}
{"payload":{"local_timestamp":1714707771012,"message_id":20,"stderr":true,"stdout":"    "},"type":"ws_msg"}
{"payload":{"local_timestamp":1714707771012,"message_id":21,"stderr":true,"stdout":"self.comet_logger = CometLogger(self.opt, self.hyp)"},"type":"ws_msg"}
{"payload":{"local_timestamp":1714707771012,"message_id":22,"stderr":true,"stdout":"\n"},"type":"ws_msg"}
{"payload":{"local_timestamp":1714707771012,"message_id":23,"stderr":true,"stdout":"  File \"c:\\Users\\ASUS\\Desktop\\yolov5-7.0\\utils\\loggers\\comet\\__init__.py\", line 97, in __init__\n"},"type":"ws_msg"}
{"payload":{"local_timestamp":1714707771012,"message_id":24,"stderr":true,"stdout":"    "},"type":"ws_msg"}
{"payload":{"local_timestamp":1714707771012,"message_id":25,"stderr":true,"stdout":"self.data_dict = self.check_dataset(self.opt.data)"},"type":"ws_msg"}
{"payload":{"local_timestamp":1714707771012,"message_id":26,"stderr":true,"stdout":"\n"},"type":"ws_msg"}
{"payload":{"local_timestamp":1714707771012,"message_id":27,"stderr":true,"stdout":"  File \"c:\\Users\\ASUS\\Desktop\\yolov5-7.0\\utils\\loggers\\comet\\__init__.py\", line 232, in check_dataset\n"},"type":"ws_msg"}
{"payload":{"local_timestamp":1714707771016,"message_id":28,"stderr":true,"stdout":"    "},"type":"ws_msg"}
{"payload":{"local_timestamp":1714707771016,"message_id":29,"stderr":true,"stdout":"data_config = yaml.safe_load(f)"},"type":"ws_msg"}
{"payload":{"local_timestamp":1714707771016,"message_id":30,"stderr":true,"stdout":"\n"},"type":"ws_msg"}
{"payload":{"local_timestamp":1714707771016,"message_id":31,"stderr":true,"stdout":"  File \"C:\\Users\\ASUS\\AppData\\Local\\conda\\conda\\envs\\test_cuda\\lib\\site-packages\\yaml\\__init__.py\", line 125, in safe_load\n"},"type":"ws_msg"}
{"payload":{"local_timestamp":1714707771017,"message_id":32,"stderr":true,"stdout":"    "},"type":"ws_msg"}
{"payload":{"local_timestamp":1714707771017,"message_id":33,"stderr":true,"stdout":"return load(stream, SafeLoader)"},"type":"ws_msg"}
{"payload":{"local_timestamp":1714707771017,"message_id":34,"metric":{"epoch":null,"metricName":"sys.gpu.0.gpu_utilization","metricValue":0,"step":null}},"type":"metric_msg"}
{"payload":{"local_timestamp":1714707771017,"message_id":35,"metric":{"epoch":null,"metricName":"sys.gpu.0.power_usage","metricValue":12370,"step":null}},"type":"metric_msg"}
{"payload":{"local_timestamp":1714707771017,"message_id":36,"metric":{"epoch":null,"metricName":"sys.gpu.0.temperature","metricValue":58,"step":null}},"type":"metric_msg"}
{"payload":{"local_timestamp":1714707771017,"message_id":37,"metric":{"epoch":null,"metricName":"sys.gpu.0.memory_utilization","metricValue":0,"step":null}},"type":"metric_msg"}
{"payload":{"local_timestamp":1714707771017,"message_id":38,"metric":{"epoch":null,"metricName":"sys.gpu.0.free_memory","metricValue":4183818240,"step":null}},"type":"metric_msg"}
{"payload":{"local_timestamp":1714707771017,"message_id":39,"metric":{"epoch":null,"metricName":"sys.gpu.0.used_memory","metricValue":111149056,"step":null}},"type":"metric_msg"}
{"payload":{"local_timestamp":1714707771017,"message_id":40,"metric":{"epoch":null,"metricName":"sys.gpu.0.percent.used_memory","metricValue":2.587890625,"step":null}},"type":"metric_msg"}
{"payload":{"local_timestamp":1714707771017,"message_id":41,"stderr":true,"stdout":"\n"},"type":"ws_msg"}
{"payload":{"local_timestamp":1714707771028,"message_id":42,"stderr":true,"stdout":"  File \"C:\\Users\\ASUS\\AppData\\Local\\conda\\conda\\envs\\test_cuda\\lib\\site-packages\\yaml\\__init__.py\", line 79, in load\n"},"type":"ws_msg"}
{"payload":{"local_timestamp":1714707771028,"message_id":43,"stderr":true,"stdout":"    "},"type":"ws_msg"}
{"payload":{"local_timestamp":1714707771028,"message_id":44,"stderr":true,"stdout":"loader = Loader(stream)"},"type":"ws_msg"}
{"payload":{"local_timestamp":1714707771028,"message_id":45,"stderr":true,"stdout":"\n"},"type":"ws_msg"}
{"payload":{"local_timestamp":1714707771028,"message_id":46,"stderr":true,"stdout":"  File \"C:\\Users\\ASUS\\AppData\\Local\\conda\\conda\\envs\\test_cuda\\lib\\site-packages\\yaml\\loader.py\", line 34, in __init__\n"},"type":"ws_msg"}
{"payload":{"local_timestamp":1714707771029,"message_id":47,"stderr":true,"stdout":"    "},"type":"ws_msg"}
{"payload":{"local_timestamp":1714707771029,"message_id":48,"stderr":true,"stdout":"Reader.__init__(self, stream)"},"type":"ws_msg"}
{"payload":{"local_timestamp":1714707771029,"message_id":49,"stderr":true,"stdout":"\n"},"type":"ws_msg"}
{"payload":{"local_timestamp":1714707771029,"message_id":50,"stderr":true,"stdout":"  File \"C:\\Users\\ASUS\\AppData\\Local\\conda\\conda\\envs\\test_cuda\\lib\\site-packages\\yaml\\reader.py\", line 85, in __init__\n"},"type":"ws_msg"}
{"payload":{"local_timestamp":1714707771029,"message_id":51,"stderr":true,"stdout":"    "},"type":"ws_msg"}
{"payload":{"local_timestamp":1714707771029,"message_id":52,"stderr":true,"stdout":"self.determine_encoding()"},"type":"ws_msg"}
{"payload":{"local_timestamp":1714707771029,"message_id":53,"stderr":true,"stdout":"\n"},"type":"ws_msg"}
{"payload":{"local_timestamp":1714707771029,"message_id":54,"stderr":true,"stdout":"  File \"C:\\Users\\ASUS\\AppData\\Local\\conda\\conda\\envs\\test_cuda\\lib\\site-packages\\yaml\\reader.py\", line 124, in determine_encoding\n"},"type":"ws_msg"}
{"payload":{"local_timestamp":1714707771029,"message_id":55,"stderr":true,"stdout":"    "},"type":"ws_msg"}
{"payload":{"local_timestamp":1714707771029,"message_id":56,"stderr":true,"stdout":"self.update_raw()"},"type":"ws_msg"}
{"payload":{"local_timestamp":1714707771029,"message_id":57,"stderr":true,"stdout":"\n"},"type":"ws_msg"}
{"payload":{"local_timestamp":1714707771029,"message_id":58,"stderr":true,"stdout":"  File \"C:\\Users\\ASUS\\AppData\\Local\\conda\\conda\\envs\\test_cuda\\lib\\site-packages\\yaml\\reader.py\", line 178, in update_raw\n"},"type":"ws_msg"}
{"payload":{"local_timestamp":1714707771029,"message_id":59,"stderr":true,"stdout":"    "},"type":"ws_msg"}
{"payload":{"local_timestamp":1714707771029,"message_id":60,"stderr":true,"stdout":"data = self.stream.read(size)"},"type":"ws_msg"}
{"payload":{"local_timestamp":1714707771029,"message_id":61,"stderr":true,"stdout":"\n"},"type":"ws_msg"}
{"payload":{"local_timestamp":1714707771029,"message_id":62,"stderr":true,"stdout":"UnicodeDecodeError"},"type":"ws_msg"}
{"payload":{"local_timestamp":1714707771029,"message_id":63,"stderr":true,"stdout":": "},"type":"ws_msg"}
{"payload":{"local_timestamp":1714707771029,"message_id":64,"stderr":true,"stdout":"'gbk' codec can't decode byte 0x80 in position 233: illegal multibyte sequence"},"type":"ws_msg"}
{"payload":{"local_timestamp":1714707771029,"message_id":65,"stderr":true,"stdout":"\n"},"type":"ws_msg"}
{"payload":{"local_timestamp":1714707771069,"message_id":66,"stderr":true,"stdout":"\u001b[1;38;5;39mCOMET INFO:\u001b[0m Couldn't find a Git repository in 'C:\\\\Users\\\\ASUS\\\\Desktop\\\\yolov5-7.0' nor in any parent directory. Set `COMET_GIT_DIRECTORY` if your Git Repository is elsewhere.\n"},"type":"ws_msg"}
{"payload":{"local_timestamp":1714707771395,"message_id":67,"metric":{"epoch":null,"metricName":"sys.cpu.percent.avg","metricValue":0.0,"step":null}},"type":"metric_msg"}
{"payload":{"local_timestamp":1714707771395,"message_id":68,"metric":{"epoch":null,"metricName":"sys.ram.total","metricValue":16889081856,"step":null}},"type":"metric_msg"}
{"payload":{"local_timestamp":1714707771395,"message_id":69,"metric":{"epoch":null,"metricName":"sys.ram.used","metricValue":9652756480,"step":null}},"type":"metric_msg"}
{"payload":{"local_timestamp":1714707771395,"message_id":70,"metric":{"epoch":null,"metricName":"sys.ram.available","metricValue":7236325376,"step":null}},"type":"metric_msg"}
{"payload":{"local_timestamp":1714707771395,"message_id":71,"metric":{"epoch":null,"metricName":"sys.ram.percent.used","metricValue":57.2,"step":null}},"type":"metric_msg"}
{"payload":{"local_timestamp":1714707771395,"message_id":72,"metric":{"epoch":null,"metricName":"sys.load.avg","metricValue":0.0,"step":null}},"type":"metric_msg"}
{"payload":{"local_timestamp":1714707775446,"message_id":73,"stderr":true,"stdout":"\u001b[1;38;5;214mCOMET WARNING:\u001b[0m Unknown error exporting current conda environment\n"},"type":"ws_msg"}
{"payload":{"additional_params":{"assetId":"2cfc51cabe9045aba608f52022affff4","context":null,"epoch":null,"extension":"txt","fileName":"conda-spec.txt","overwrite":false,"runId":null,"step":null,"type":"conda-specification"},"clean":true,"file_path":"tmp2rqpr2xj","local_timestamp":1714707776483,"message_id":74,"metadata":{},"upload_type":"conda-specification"},"type":"file_upload"}
{"payload":{"additional_params":{"assetId":"b0506f51246f443ab349889bf6996831","context":null,"epoch":null,"extension":"yml","fileName":"conda-info.yml","overwrite":false,"runId":null,"step":null,"type":"conda-info"},"clean":true,"file_path":"tmpuusj11eb","local_timestamp":1714707777457,"message_id":75,"metadata":{},"upload_type":"conda-info"},"type":"file_upload"}
{"payload":{"local_timestamp":1714707777457,"message_id":76,"stderr":true,"stdout":"\u001b[1;38;5;39mCOMET INFO:\u001b[0m ---------------------------------------------------------------------------------------\n"},"type":"ws_msg"}
{"payload":{"local_timestamp":1714707777457,"message_id":77,"stderr":true,"stdout":"\u001b[1;38;5;39mCOMET INFO:\u001b[0m Comet.ml OfflineExperiment Summary\n"},"type":"ws_msg"}
{"payload":{"local_timestamp":1714707777457,"message_id":78,"stderr":true,"stdout":"\u001b[1;38;5;39mCOMET INFO:\u001b[0m ---------------------------------------------------------------------------------------\n"},"type":"ws_msg"}
{"payload":{"local_timestamp":1714707777463,"message_id":79,"stderr":true,"stdout":"\u001b[1;38;5;39mCOMET INFO:\u001b[0m   Data:\n"},"type":"ws_msg"}
{"payload":{"local_timestamp":1714707777463,"message_id":80,"stderr":true,"stdout":"\u001b[1;38;5;39mCOMET INFO:\u001b[0m     display_summary_level : 1\n"},"type":"ws_msg"}
{"payload":{"local_timestamp":1714707777463,"message_id":81,"stderr":true,"stdout":"\u001b[1;38;5;39mCOMET INFO:\u001b[0m     url                   : [OfflineExperiment will get URL after upload]\n"},"type":"ws_msg"}
{"payload":{"local_timestamp":1714707777463,"message_id":82,"stderr":true,"stdout":"\u001b[1;38;5;39mCOMET INFO:\u001b[0m   Others:\n"},"type":"ws_msg"}
{"payload":{"local_timestamp":1714707777463,"message_id":83,"stderr":true,"stdout":"\u001b[1;38;5;39mCOMET INFO:\u001b[0m     offline_experiment : True\n"},"type":"ws_msg"}
{"payload":{"local_timestamp":1714707777463,"message_id":84,"stderr":true,"stdout":"\u001b[1;38;5;39mCOMET INFO:\u001b[0m   Uploads:\n"},"type":"ws_msg"}
{"payload":{"local_timestamp":1714707777463,"message_id":85,"stderr":true,"stdout":"\u001b[1;38;5;39mCOMET INFO:\u001b[0m     conda-info          : 1\n"},"type":"ws_msg"}
{"payload":{"local_timestamp":1714707777463,"message_id":86,"stderr":true,"stdout":"\u001b[1;38;5;39mCOMET INFO:\u001b[0m     conda-specification : 1\n"},"type":"ws_msg"}
{"payload":{"local_timestamp":1714707777463,"message_id":87,"stderr":true,"stdout":"\u001b[1;38;5;39mCOMET INFO:\u001b[0m     environment details : 1\n"},"type":"ws_msg"}
{"payload":{"local_timestamp":1714707777463,"message_id":88,"stderr":true,"stdout":"\u001b[1;38;5;39mCOMET INFO:\u001b[0m     installed packages  : 1\n"},"type":"ws_msg"}
{"payload":{"local_timestamp":1714707777463,"message_id":89,"stderr":true,"stdout":"\u001b[1;38;5;39mCOMET INFO:\u001b[0m \n"},"type":"ws_msg"}
{"payload":{"local_timestamp":1714707777463,"message_id":90,"stderr":true,"stdout":"\u001b[1;38;5;214mCOMET WARNING:\u001b[0m Experiment Name is generated at upload time for Offline Experiments unless set explicitly with Experiment.set_name\n"},"type":"ws_msg"}
{"payload":{"local_timestamp":1714707777463,"message_id":91,"stderr":true,"stdout":"\u001b[1;38;5;214mCOMET WARNING:\u001b[0m To get all data logged automatically, import comet_ml before the following modules: torch, tensorboard.\n"},"type":"ws_msg"}
{"payload":{"local_timestamp":1714707777463,"log_other":{"key":"sys.already_imported_modules","val":"[\"torch\", \"tensorboard\"]"},"message_id":92},"type":"ws_msg"}
